{
  "version": 1,
  "author": "Anonymous maker",
  "editor": "wokwi",
  "parts": [
    { "type": "wokwi-arduino-uno", "id": "uno", "top": 48.6, "left": -39, "attrs": {} },
    { "type": "wokwi-pir-motion-sensor", "id": "pir1", "top": -111.2, "left": 21.42, "attrs": {} },
    {
      "type": "wokwi-led",
      "id": "led1",
      "top": -99.6,
      "left": 138.2,
      "attrs": { "color": "red" }
    }
  ],
  "connections": [
    [ "pir1:VCC", "uno:5V", "red", [ "v28.8", "h-144", "v211.2" ] ],
    [ "pir1:OUT", "uno:9", "green", [ "v0" ] ],
    [ "led1:A", "uno:8", "green", [ "v0" ] ],
    [ "pir1:GND", "uno:GND.1", "black", [ "v0" ] ],
    [ "pir1:GND", "led1:C", "black", [ "v0" ] ]
  ],
  "dependencies": {}
}