{
  "version": 1,
  "author": "Anonymous maker",
  "editor": "wokwi",
  "parts": [
    { "type": "wokwi-arduino-uno", "id": "uno", "top": 0, "left": 0, "attrs": {} },
    {
      "type": "wokwi-led",
      "id": "led1",
      "top": -118.8,
      "left": 147.8,
      "attrs": { "color": "limegreen" }
    },
    {
      "type": "wokwi-resistor",
      "id": "r1",
      "top": -43.2,
      "left": 143.45,
      "rotate": 90,
      "attrs": { "value": "220" }
    },
    {
      "type": "wokwi-led",
      "id": "led2",
      "top": -118.8,
      "left": 176.6,
      "attrs": { "color": "yellow" }
    },
    {
      "type": "wokwi-led",
      "id": "led3",
      "top": -118.8,
      "left": 205.4,
      "attrs": { "color": "red" }
    },
    {
      "type": "wokwi-resistor",
      "id": "r2",
      "top": -43.2,
      "left": 172.25,
      "rotate": 90,
      "attrs": { "value": "220" }
    },
    {
      "type": "wokwi-resistor",
      "id": "r3",
      "top": -43.2,
      "left": 201.05,
      "rotate": 90,
      "attrs": { "value": "220" }
    }
  ],
  "connections": [
    [ "uno:GND.1", "led1:C", "black", [ "v0" ] ],
    [ "r1:2", "uno:13", "limegreen", [ "h-48", "v27.6" ] ],
    [ "uno:GND.1", "led2:C", "black", [ "v0" ] ],
    [ "uno:GND.1", "led3:C", "black", [ "v0" ] ],
    [ "r2:1", "led2:A", "gold", [ "h0" ] ],
    [ "r2:2", "uno:12", "gold", [ "h0" ] ],
    [ "led1:A", "r1:1", "limegreen", [ "v0" ] ],
    [ "led3:A", "r3:1", "red", [ "v0" ] ],
    [ "r3:2", "uno:8", "red", [ "h0" ] ]
  ],
  "dependencies": {}
}